"Serial number","Datum ID","Session ID","Data format version","Firmware version","App version","Date / time local","Timezone offset (mins)","Date local (yyyy/MM/dd)","Time local (hh:mm:ss)","GPS lat (ddmm.mmmmm)","GPS long (dddmm.mmmmm)","GPS speed (km/h)","GPS sat count","Timebase (s)","Status","Battery remaining (%)","Accel X","Accel Y","Accel Z","Tape position","Flow setpoint (mL/min)","Flow total (mL/min)","Flow1 (mL/min)","Flow2 (mL/min)","Sample temp (C)","Sample RH (%)","Sample dewpoint (C)","Internal pressure (Pa)","Internal temp (C)","Optical config","UV Sen1","UV Sen2","UV Ref","UV ATN1","UV ATN2","UV K","Blue Sen1","Blue Sen2","Blue Ref","Blue ATN1","Blue ATN2","Blue K","Green Sen1","Green Sen2","Green Ref","Green ATN1","Green ATN2","Green K","Red Sen1","Red Sen2","Red Ref","Red ATN1","Red ATN2","Red K","IR Sen1","IR Sen2","IR Ref","IR ATN1","IR ATN2","IR K","UV BC1","UV BC2","UV BCc","Blue BC1","Blue BC2","Blue BCc","Green BC1","Green BC2","Green BCc","Red BC1","Red BC2","Red BCc","IR BC1","IR BC2","IR BCc","Readable status"
"MA200-0416","26256","70","1","1.10","1.4","2023-05-16T11:36:00","120","2023/05/16","11:36:00","-15.781171917915344","35.09410131722689","0.3","8","30","194","33","-18792","-15172","6348","9","150","135.59","105.42","30.18","29.14","49.5","17.48","88836","28.88","DUALSPOT-UV-BLUE-GREEN-RED-IR","899770","777665","952065","0.000000","0.000000","0.000000","830513","949652","784574","0.000000","0.000000","0.000000","914919","939378","826198","0.000000","0.000000","0.000000","812619","867425","794144","0.000000","0.000000","0.000000","746425","860862","952737","0.000000","0.000000","0.000000","","","","","","","","","","","","","","","","Start up-Flow unstable"
"MA200-0416","26257","70","1","1.10","1.4","2023-05-16T11:36:30","120","2023/05/16","11:36:30","-15.781172573566437","35.09408348053694","0.1","8","30","66","33","-25024","-1488","680","9","150","150.15","117.09","33.06","29.24","48.6","17.30","88836","29.19","DUALSPOT-UV-BLUE-GREEN-RED-IR","856239","740504","906754","0.000000","0.000000","0.000000","808652","924908","764286","0.000000","0.000000","0.000000","903613","928005","816299","0.000000","0.000000","0.000000","882014","941747","862295","0.000000","0.000000","0.000000","745070","859598","951472","0.000000","0.000000","0.000000","","","","","","","","","","","","","","","","Start up"
"MA200-0416","26258","70","1","1.10","1.4","2023-05-16T11:37:00","120","2023/05/16","11:37:00","-15.78116911649704","35.09405764937401","0.3","8","30","66","32","-24968","-3124","-748","9","150","149.66","116.69","32.97","29.35","47.7","17.09","88836","29.56","DUALSPOT-UV-BLUE-GREEN-RED-IR","855370","740114","906413","0.000000","0.000000","0.000000","804503","920415","760669","0.000000","0.000000","0.000000","902316","926925","815387","0.000000","0.000000","0.000000","881693","941574","862165","0.000000","0.000000","0.000000","743713","858249","949978","0.000000","0.000000","0.000000","","","","","","","","","","","","","","","","Start up"
"MA200-0416","26259","70","1","1.10","1.4","2023-05-16T11:37:30","120","2023/05/16","11:37:30","-15.781169474124908","35.09407965093851","0.0","9","30","66","33","-24708","-5300","32","9","150","149.73","117.12","32.61","29.44","47.0","16.93","88844","29.81","DUALSPOT-UV-BLUE-GREEN-RED-IR","859120","743658","910879","0.000000","0.000000","0.000000","808955","925787","765115","0.000000","0.000000","0.000000","904115","928993","817216","0.000000","0.000000","0.000000","884868","945196","865489","0.000000","0.000000","0.000000","745216","860129","952119","0.000000","0.000000","0.000000","","","","","","","","","","","","","","","","Start up"
"MA200-0416","26260","70","1","1.10","1.4","2023-05-16T11:38:00","120","2023/05/16","11:38:00","-15.781165480613708","35.09410347789526","0.0","9","30","66","32","-25112","-2544","-500","9","150","149.98","117.28","32.70","29.54","46.1","16.74","88832","30.13","DUALSPOT-UV-BLUE-GREEN-RED-IR","849966","736115","901777","0.000000","0.000000","0.000000","808805","925917","765310","0.000000","0.000000","0.000000","904548","929678","817888","0.000000","0.000000","0.000000","885454","946002","866273","0.000000","0.000000","0.000000","744897","859940","951947","0.000000","0.000000","0.000000","","","","","","","","","","","","","","","","Start up"
"MA200-0416","26261","70","1","1.10","1.4","2023-05-16T11:38:30","120","2023/05/16","11:38:30","-15.781182706356049","35.09408264607191","0.3","9","30","64","33","-24832","-4760","564","9","150","149.80","117.17","32.63","29.65","45.3","16.55","88828","30.31","DUALSPOT-UV-BLUE-GREEN-RED-IR","857096","742490","909678","0.000000","0.000000","0.000000","807210","924200","763906","0.000000","0.000000","0.000000","902687","927845","816272","0.000000","0.000000","0.000000","883981","944556","864911","0.000000","0.000000","0.000000","748412","864026","956505","0.000000","0.000000","0.000000","","","","","","","","","","","","","","","",""
"MA200-0416","26262","70","1","1.10","1.4","2023-05-16T11:39:00","120","2023/05/16","11:39:00","-15.781167924404144","35.09410314261913","0.1","10","30","64","33","-25015","-1226","342","9","150","150.43","117.02","33.40","29.74","44.5","16.35","88828","30.50","DUALSPOT-UV-BLUE-GREEN-RED-IR","853216","739355","905872","0.034885","0.006076","0.000000","805039","921829","761963","0.016963","0.001441","0.000000","900699","925970","814638","0.014013","0.001156","0.000000","881280","941767","862361","0.009453","-0.001585","0.000000","746472","861922","954162","0.013591","0.001107","0.000000","1750","1068","1750","1074","320","1074","994","287","994","810","-476","810","1622","463","1622",""
"MA200-0416","26263","70","1","1.10","1.4","2023-05-16T11:39:30","120","2023/05/16","11:39:30","-15.781180381774902","35.09409847855568","0.1","10","30","64","33","-24252","-7500","1664","9","150","149.91","116.89","33.02","29.83","44.0","16.26","88828","30.63","DUALSPOT-UV-BLUE-GREEN-RED-IR","850615","737261","903361","0.064086","0.010326","0.000000","803280","919968","760450","0.032556","0.001798","0.000000","898481","923791","812643","0.024944","-0.000196","0.000000","885009","945855","866065","0.017082","-0.005333","0.000000","748368","864199","956697","0.024168","0.002150","0.000000","1467","755","1467","988","80","988","776","-340","776","654","-1139","654","1263","441","1263",""
"MA200-0416","26264","70","1","1.10","1.4","2023-05-16T11:40:00","120","2023/05/16","11:40:00","-15.781146705150604","35.09405431896448","0.1","10","30","64","32","-24956","724","204","9","150","149.40","116.88","32.51","29.93","43.4","16.13","88828","30.75","DUALSPOT-UV-BLUE-GREEN-RED-IR","853878","740261","907103","0.096411","0.018154","0.000000","805594","922763","762725","0.049323","0.004673","0.000000","900979","926471","815065","0.037187","0.000769","0.000000","881473","942175","862695","0.026243","-0.005929","0.000000","745874","861364","953590","0.034908","0.003932","0.000000","1624","1414","1624","1063","655","1063","869","246","869","786","-183","786","1283","765","1283",""
"MA200-0416","26265","70","1","1.10","1.4","2023-05-16T11:40:30","120","2023/05/16","11:40:30","-15.781101524829865","35.09405781328678","0.7","10","30","64","32","-22172","-5724","1416","9","150","149.38","117.06","32.31","30.03","42.9","16.04","88828","30.88","DUALSPOT-UV-BLUE-GREEN-RED-IR","850373","737366","903541","0.119220","0.021833","0.000000","808426","926096","765504","0.058853","0.003164","0.000000","903346","928983","817261","0.045371","-0.001597","0.000000","885705","946824","866922","0.031948","-0.009894","0.000000","747693","863584","955974","0.042900","0.002717","0.000000","1144","668","1144","603","-346","603","580","-608","580","488","-1230","488","953","-525","953",""
"MA200-0416","26266","70","1","1.10","1.4","2023-05-16T11:41:00","120","2023/05/16","11:41:00","-15.780860364437103","35.0941776484251","0.6","10","30","64","32","-25108","-4968","1680","9","150","149.70","117.02","32.67","30.13","42.6","16.04","88832","31.00","DUALSPOT-UV-BLUE-GREEN-RED-IR","852987","740695","908035","0.250225","0.049900","0.000000","804919","923087","763246","0.156533","0.023096","0.000000","899967","926371","815140","0.123423","0.011754","0.000000","880255","941666","862359","0.095438","0.001365","0.000000","744106","859878","952056","0.088115","0.009910","0.000000","6575","5045","6575","6187","4522","6187","5537","3392","5537","5443","3457","5443","5397","3075","5397",""
"MA200-0416","26267","70","1","1.10","1.4","2023-05-16T11:41:30","120","2023/05/16","11:41:30","-15.780781507492065","35.09428948909044","0.4","10","30","64","32","-23916","-5464","924","9","150","149.54","116.89","32.65","30.23","42.4","16.03","88824","31.13","DUALSPOT-UV-BLUE-GREEN-RED-IR","847148","736552","903331","0.458722","0.102432","0.000000","806145","925340","765339","0.308233","0.059270","0.000000","901548","928744","817393","0.251716","0.039792","0.000000","883579","945844","866301","0.198948","0.023126","0.000000","745752","862190","954726","0.163152","0.027464","0.000000","10476","9449","10476","9620","8213","9620","9111","7129","9111","8884","6686","8884","8967","7510","8967",""
"MA200-0416","26268","70","1","1.10","1.4","2023-05-16T11:42:00","120","2023/05/16","11:42:00","-15.78074848651886","35.09440015256405","0.5","10","30","64","32","-24080","-6132","692","9","150","150.71","117.24","33.47","30.34","41.9","15.96","88816","31.19","DUALSPOT-UV-BLUE-GREEN-RED-IR","849911","739209","906696","0.515090","0.116043","0.000000","802912","921858","762463","0.342041","0.064401","0.000000","898962","926195","815189","0.276952","0.042713","0.000000","878105","940117","861048","0.218147","0.021809","0.000000","746945","863679","956391","0.183280","0.032085","0.000000","2824","2388","2824","2137","1136","2137","1787","724","1787","1642","-394","1642","2398","1928","2398",""
"MA200-0416","26269","70","1","1.10","1.4","2023-05-16T11:42:30","120","2023/05/16","11:42:30","-15.780639410018921","35.09455098211765","0.7","10","30","64","32","-26044","-1716","2908","9","150","150.01","117.21","32.80","30.44","41.3","15.82","88812","31.31","DUALSPOT-UV-BLUE-GREEN-RED-IR","852314","741487","909602","0.552128","0.126907","0.000000","804715","923997","764324","0.359958","0.070714","0.000000","900501","927928","816713","0.291138","0.045377","0.000000","881870","944260","864828","0.228780","0.021154","0.000000","743514","859756","952094","0.194667","0.033987","0.000000","1856","1945","1856","1133","1427","1133","1004","674","1004","910","-200","910","1357","810","1357",""
"MA200-0416","26270","70","1","1.10","1.4","2023-05-16T11:43:00","120","2023/05/16","11:43:00","-15.780439972877502","35.09470198303461","1.1","10","30","64","32","-25356","-1008","2784","9","150","149.51","117.38","32.12","30.52","40.8","15.70","88816","31.38","DUALSPOT-UV-BLUE-GREEN-RED-IR","847764","737778","905167","0.587831","0.137275","0.000000","800623","919501","760582","0.376957","0.072998","0.000000","898269","925708","814787","0.303566","0.046819","0.000000","884662","947379","867686","0.236523","0.019806","0.000000","745159","861761","954358","0.207918","0.038105","0.000000","1786","1895","1786","1073","526","1073","879","372","879","661","-420","661","1576","1791","1576",""
"MA200-0416","26271","70","1","1.10","1.4","2023-05-16T11:43:30","120","2023/05/16","11:43:30","-15.780327200889587","35.09492014348507","0.7","10","30","64","32","-25675","-460","2608","9","150","149.31","117.43","31.88","30.62","40.4","15.62","88812","31.44","DUALSPOT-UV-BLUE-GREEN-RED-IR","847782","738028","905570","0.642566","0.150543","0.000000","801496","920637","761581","0.402695","0.078754","0.000000","897535","925111","814257","0.321043","0.050390","0.000000","875598","937745","858871","0.248706","0.021798","0.000000","743695","860125","952592","0.222148","0.043980","0.000000","2737","2444","2737","1624","1338","1624","1235","929","1235","1040","626","1040","1692","2574","1692",""
"MA200-0416","26272","70","1","1.10","1.4","2023-05-16T11:44:00","120","2023/05/16","11:44:00","-15.780334889888763","35.09506715089083","0.1","10","30","64","32","-23808","4760","2976","9","150","149.53","117.28","32.24","30.72","39.9","15.54","88820","31.56","DUALSPOT-UV-BLUE-GREEN-RED-IR","844296","735190","902165","0.674888","0.160182","0.000000","804528","924212","764576","0.419408","0.084220","0.000000","897789","925428","814598","0.333178","0.053018","0.000000","881718","944341","864924","0.258022","0.022871","0.000000","747692","864837","957871","0.235952","0.049749","0.000000","1618","1756","1618","1056","1256","1056","859","676","859","796","333","796","1644","2499","1644",""
"MA200-0416","26273","70","1","1.10","1.4","2023-05-16T11:44:30","120","2023/05/16","11:44:30","-15.780481994152069","35.09524097293615","0.9","10","30","64","32","-24412","-3832","184","9","150","149.73","117.84","31.89","30.74","39.4","15.35","88800","31.56","DUALSPOT-UV-BLUE-GREEN-RED-IR","846833","737603","905305","0.723031","0.177484","0.000000","800581","919818","761034","0.445854","0.094932","0.000000","898221","926001","815165","0.355023","0.060624","0.000000","883339","946178","866659","0.273245","0.025749","0.000000","742777","859245","951761","0.253896","0.056984","0.000000","2399","3186","2399","1663","2489","1663","1539","1979","1539","1296","905","1296","2127","3169","2127",""
"MA200-0416","26274","70","1","1.10","1.4","2023-05-16T11:45:00","120","2023/05/16","11:45:00","-15.780510604381561","35.0955166593194","1.1","10","30","64","32","-25468","-2356","1992","9","150","150.43","117.77","32.66","30.82","38.8","15.17","88800","31.69","DUALSPOT-UV-BLUE-GREEN-RED-IR","845531","736707","904330","0.770217","0.192850","0.000000","799789","919030","760494","0.471317","0.107437","0.000000","897921","925751","815037","0.374007","0.070864","0.000000","875467","937851","859071","0.288039","0.033259","0.000000","742875","859390","952014","0.271875","0.067522","0.000000","2353","2763","2353","1602","2838","1602","1338","2603","1338","1260","2307","1260","2132","4507","2132",""
"MA200-0416","26275","70","1","1.10","1.4","2023-05-16T11:45:30","120","2023/05/16","11:45:30","-15.780489683151245","35.09579364955425","0.7","10","30","64","32","-24484","-1184","1927","9","150","149.67","117.65","32.01","30.89","38.2","15.01","88788","31.75","DUALSPOT-UV-BLUE-GREEN-RED-IR","849262","740151","908632","0.803344","0.202026","0.000000","802669","922443","763342","0.489884","0.113206","0.000000","900028","928058","817086","0.388968","0.074804","0.000000","879199","941963","862851","0.300478","0.035351","0.000000","744958","861926","954854","0.286956","0.072289","0.000000","1653","1683","1653","1169","1336","1169","1055","1021","1055","1060","655","1060","1790","2080","1790",""
"MA200-0416","26276","70","1","1.10","1.4","2023-05-16T11:46:00","120","2023/05/16","11:46:00","-15.780631363391876","35.09608181566","1.3","10","30","64","32","-25824","-3639","3376","9","150","149.49","117.35","32.14","30.93","37.8","14.86","88780","31.81","DUALSPOT-UV-BLUE-GREEN-RED-IR","850831","741701","910605","0.836432","0.210571","0.000000","803535","923567","764304","0.508290","0.117563","0.000000","900366","928511","817514","0.405014","0.079358","0.000000","879968","942882","863680","0.311934","0.037629","0.000000","745107","862162","955173","0.300983","0.077995","0.000000","1656","1561","1656","1162","1004","1162","1135","1176","1135","979","710","979","1669","2480","1669",""
"MA200-0416","26277","70","1","1.10","1.4","2023-05-16T11:46:30","120","2023/05/16","11:46:30","-15.78073900938034","35.09634215384722","0.4","10","30","64","32","-25288","-4692","826","9","150","149.32","117.35","31.97","30.97","37.4","14.73","88760","31.81","DUALSPOT-UV-BLUE-GREEN-RED-IR","841940","734086","901294","0.863125","0.216030","0.000000","802886","922962","763802","0.524133","0.120031","0.000000","895473","923543","813143","0.416785","0.080913","0.000000","879298","942220","863123","0.321245","0.037264","0.000000","744691","861762","954731","0.311819","0.079751","0.000000","1336","1003","1336","1000","572","1000","832","403","832","795","-114","795","1289","767","1289",""
"MA200-0416","26278","70","1","1.10","1.4","2023-05-16T11:47:00","120","2023/05/16","11:47:00","-15.780805230140686","35.096513479948044","0.7","10","30","64","32","-23360","-3880","2272","9","150","149.37","117.46","31.91","31.01","37.2","14.70","88752","31.88","DUALSPOT-UV-BLUE-GREEN-RED-IR","845944","737734","905831","0.887131","0.217893","0.000000","799942","919744","761142","0.537795","0.118822","0.000000","898658","926968","816159","0.427800","0.079710","0.000000","882758","946041","866596","0.329154","0.034583","0.000000","746532","863959","957172","0.318254","0.080318","0.000000","1200","343","1200","862","-280","862","778","-313","778","675","-843","675","765","248","765",""
"MA200-0416","26279","70","1","1.10","1.4","2023-05-16T11:47:30","120","2023/05/16","11:47:30","-15.780901610851288","35.096731312572956","0.8","10","30","64","32","-27728","-3412","2056","9","150","149.90","117.38","32.51","31.07","37.0","14.65","88736","31.94","DUALSPOT-UV-BLUE-GREEN-RED-IR","847061","738958","907381","0.927741","0.228342","0.000000","800972","921123","762322","0.563127","0.123422","0.000000","898461","926891","816112","0.446349","0.080937","0.000000","875992","938913","860061","0.342547","0.034583","0.000000","742282","859121","951860","0.332271","0.083250","0.000000","2032","1887","2032","1599","1048","1599","1311","313","1311","1144","0","1144","1668","1259","1668",""
"MA200-0416","26280","70","1","1.10","1.4","2023-05-16T11:48:00","120","2023/05/16","11:48:00","-15.781058669090271","35.09684631973505","0.9","10","30","64","32","-24948","-300","-2092","9","150","150.03","117.26","32.76","31.12","36.7","14.60","88748","32.00","DUALSPOT-UV-BLUE-GREEN-RED-IR","847848","739791","908467","0.958022","0.233581","0.000000","801583","921912","763009","0.580102","0.127445","0.000000","899545","928116","817189","0.459247","0.083554","0.000000","878349","941545","862459","0.351029","0.033700","0.000000","743214","860266","953119","0.340709","0.084281","0.000000","1516","939","1516","1073","910","1073","913","663","913","725","-270","725","1005","439","1005",""
"MA200-0416","26281","70","1","1.10","1.4","2023-05-16T11:48:30","120","2023/05/16","11:48:30","-15.781169950962067","35.09689398109913","0.6","10","30","64","32","-22996","-4300","1852","9","150","150.30","117.58","32.72","31.16","36.5","14.54","88744","32.06","DUALSPOT-UV-BLUE-GREEN-RED-IR","848346","740367","909263","0.986023","0.241886","0.000000","801165","921533","762690","0.593287","0.128232","0.000000","899710","928421","817444","0.469303","0.081813","0.000000","878274","941522","862430","0.358933","0.033677","0.000000","742977","860040","952895","0.347343","0.085708","0.000000","1398","1490","1398","831","178","831","710","-441","710","674","-7","674","788","609","788",""
"MA200-0416","26282","70","1","1.10","1.4","2023-05-16T11:49:00","120","2023/05/16","11:49:00","-15.781254708766937","35.09692498296499","0.0","10","30","64","32","-24029","4150","2933","9","150","150.42","117.68","32.74","31.22","36.5","14.60","88748","32.13","DUALSPOT-UV-BLUE-GREEN-RED-IR","842773","736593","904874","1.131207","0.265277","0.000000","797999","918634","760373","0.669550","0.137865","0.000000","896401","925463","814922","0.520473","0.087798","0.000000","880873","944635","865283","0.391864","0.035221","0.000000","744384","861879","954959","0.372297","0.089616","0.000000","7246","4196","7246","4804","2180","4804","3610","1517","3610","2807","473","2807","2962","1667","2962",""
"MA200-0416","26283","70","1","1.10","1.4","2023-05-16T11:49:30","120","2023/05/16","11:49:30","-15.781405508518219","35.09700499475002","1.3","10","30","64","31","-24424","-3471","2184","9","150","150.17","117.50","32.67","31.28","36.5","14.65","88744","32.19","DUALSPOT-UV-BLUE-GREEN-RED-IR","841900","736093","904386","1.206817","0.282428","0.000000","796956","917598","759580","0.708252","0.145267","0.000000","895998","925210","814706","0.548190","0.091290","0.000000","881152","945051","865692","0.409317","0.036430","0.000000","743845","861292","954372","0.388244","0.093739","0.000000","3779","3083","3779","2441","1679","2441","1958","887","1958","1490","371","1490","1895","1762","1895",""
"MA200-0416","26284","70","1","1.10","1.4","2023-05-16T11:50:00","120","2023/05/16","11:50:00","-15.781430304050446","35.09706214815378","0.8","10","30","64","32","-24908","-1624","-1160","9","150","149.99","117.43","32.56","31.35","36.4","14.67","88752","32.25","DUALSPOT-UV-BLUE-GREEN-RED-IR","845511","739543","908720","1.256153","0.292182","0.000000","800114","921492","762818","0.735449","0.149631","0.000000","898238","927682","816892","0.569046","0.094408","0.000000","875837","939511","860587","0.425046","0.036508","0.000000","745779","863648","956985","0.398263","0.094517","0.000000","2467","1759","2467","1717","993","1717","1474","794","1474","1343","24","1343","1191","333","1191",""
"MA200-0416","26285","70","1","1.10","1.4","2023-05-16T11:50:30","120","2023/05/16","11:50:30","-15.7814399600029","35.09718631207943","0.3","10","30","64","32","-24296","228","4988","9","150","149.61","117.24","32.37","31.42","36.4","14.70","88736","32.31","DUALSPOT-UV-BLUE-GREEN-RED-IR","846076","740328","909829","1.310512","0.305044","0.000000","800646","922319","763545","0.766098","0.153432","0.000000","895107","924641","814236","0.590950","0.096452","0.000000","878377","942358","863243","0.440794","0.037271","0.000000","742311","859729","952624","0.412323","0.096988","0.000000","2723","2333","2723","1938","870","1938","1551","524","1551","1347","236","1347","1675","1066","1675",""
"MA200-0416","26286","70","1","1.10","1.4","2023-05-16T11:51:00","120","2023/05/16","11:51:00","-15.781443655490875","35.09722380340099","0.7","10","30","64","32","-22566","-9229","3583","9","150","149.87","117.67","32.20","31.48","36.1","14.66","88756","32.38","DUALSPOT-UV-BLUE-GREEN-RED-IR","838729","734592","903001","1.395507","0.324739","0.000000","801082","923362","764528","0.818413","0.164871","0.000000","894993","924962","814605","0.629955","0.103563","0.000000","879299","943666","864471","0.466346","0.040078","0.000000","742656","860298","953353","0.433086","0.101690","0.000000","4242","3592","4242","3295","2633","3295","2752","1833","2752","2178","874","2178","2465","2039","2465",""
"MA200-0416","26287","70","1","1.10","1.4","2023-05-16T11:51:30","120","2023/05/16","11:51:30","-15.781384229660034","35.09729664772749","0.3","10","30","64","32","-24896","-2656","-600","9","150","149.66","117.17","32.49","31.53","36.1","14.69","88768","32.38","DUALSPOT-UV-BLUE-GREEN-RED-IR","840412","736530","905489","1.509853","0.348814","0.000000","802720","925674","766500","0.893026","0.178705","0.000000","895866","926169","815708","0.687122","0.111968","0.000000","879853","944510","865278","0.507122","0.046813","0.000000","743311","861149","954307","0.456729","0.106962","0.000000","5732","4352","5732","4720","3156","4720","4050","2147","4050","3491","2079","3491","2818","2266","2818",""
"MA200-0416","26288","70","1","1.10","1.4","2023-05-16T11:52:00","120","2023/05/16","11:52:00","-15.781357526779175","35.09742047637701","0.6","10","30","64","32","-24296","-7575","3052","9","150","149.45","117.14","32.30","31.59","36.1","14.74","88784","32.50","DUALSPOT-UV-BLUE-GREEN-RED-IR","841135","737986","907623","1.634438","0.379886","0.000000","796454","919161","761313","0.982487","0.198846","0.000000","896004","926942","816576","0.760257","0.127214","0.000000","874144","938874","860226","0.563454","0.056475","0.000000","743819","862095","955452","0.498380","0.114941","0.000000","6246","5650","6246","5661","4622","5661","5183","3918","5183","4824","3000","4824","4966","3450","4966",""
"MA200-0416","26289","70","1","1.10","1.4","2023-05-16T11:52:30","120","2023/05/16","11:52:30","-15.781387209892273","35.09749864786863","0.2","10","30","64","31","-24192","3907","948","9","150","149.70","116.95","32.75","31.66","36.0","14.75","88784","32.50","DUALSPOT-UV-BLUE-GREEN-RED-IR","840453","737549","907160","1.687587","0.394052","0.000000","796700","919570","761647","1.014155","0.205320","0.000000","895336","926338","816036","0.785893","0.133479","0.000000","873032","937775","859211","0.582772","0.059288","0.000000","742332","860407","953623","0.514802","0.119632","0.000000","2669","2540","2669","2007","1465","2007","1819","1588","1819","1657","861","1657","1961","2000","1961",""
"MA200-0416","26290","70","1","1.10","1.4","2023-05-16T11:53:00","120","2023/05/16","11:53:00","-15.781392872333527","35.097634479403496","1.3","10","30","64","32","-21396","-7860","844","9","150","149.57","117.14","32.42","31.71","35.9","14.74","88808","32.56","DUALSPOT-UV-BLUE-GREEN-RED-IR","836442","734253","903222","1.726169","0.402187","0.000000","799690","923190","764675","1.032609","0.207357","0.000000","893837","924930","814798","0.798869","0.132120","0.000000","876949","942088","863166","0.592947","0.058424","0.000000","744925","863518","957061","0.523620","0.119961","0.000000","1934","1473","1934","1167","465","1167","919","-348","919","871","-267","871","1051","141","1051",""
"MA200-0416","26291","70","1","1.10","1.4","2023-05-16T11:53:30","120","2023/05/16","11:53:30","-15.781502842903137","35.097884483635426","0.2","10","30","64","31","-24896","-624","12","9","150","149.67","116.93","32.74","31.75","35.6","14.66","88832","32.63","DUALSPOT-UV-BLUE-GREEN-RED-IR","838149","736103","905639","1.789093","0.418819","0.000000","795117","918102","760503","1.062757","0.214075","0.000000","894893","926200","815937","0.821000","0.136160","0.000000","879000","944388","865296","0.608575","0.059288","0.000000","741030","859105","952194","0.537851","0.123186","0.000000","3160","2984","3160","1911","1521","1911","1571","1024","1571","1340","264","1340","1700","1375","1700",""
"MA200-0416","26292","70","1","1.10","1.4","2023-05-16T11:54:00","120","2023/05/16","11:54:00","-15.781499683856964","35.09787680953741","0.3","10","30","64","32","-24524","2424","1488","9","150","149.73","116.75","32.98","31.81","35.3","14.60","88832","32.69","DUALSPOT-UV-BLUE-GREEN-RED-IR","838521","736579","906281","1.820766","0.427986","0.000000","795377","918505","760860","1.076442","0.215906","0.000000","895708","927116","816751","0.829964","0.136048","0.000000","873074","938099","859511","0.614613","0.057405","0.000000","742078","860331","953622","0.546825","0.125140","0.000000","1593","1632","1593","868","411","868","637","-28","637","518","-573","518","1073","827","1073",""
"MA200-0416","26293","70","1","1.10","1.4","2023-05-16T11:54:30","120","2023/05/16","11:54:30","-15.781464219093323","35.09786631166935","0.1","11","30","64","31","-24515","2153","1865","9","150","150.09","117.45","32.63","31.85","35.1","14.53","88836","32.75","DUALSPOT-UV-BLUE-GREEN-RED-IR","840641","738581","908800","1.846230","0.433809","0.000000","796587","919993","762132","1.088863","0.218217","0.000000","896201","927691","817266","0.838846","0.136745","0.000000","874408","939584","860858","0.619637","0.056541","0.000000","742535","860953","954265","0.553092","0.125657","0.000000","1273","1048","1273","784","525","784","627","177","627","429","-265","429","745","221","745",""
"MA200-0416","26294","70","1","1.10","1.4","2023-05-16T11:55:00","120","2023/05/16","11:55:00","-15.781489908695221","35.09787380695343","0.0","11","30","64","31","-24588","-180","1428","9","150","149.70","117.10","32.59","31.89","35.0","14.53","88836","32.81","DUALSPOT-UV-BLUE-GREEN-RED-IR","838850","738761","909706","2.074486","0.487875","0.000000","796875","921100","763155","1.163876","0.230365","0.000000","895830","927878","817526","0.893652","0.145042","0.000000","874347","940026","861339","0.664550","0.061852","0.000000","742200","860884","954277","0.590305","0.132488","0.000000","11448","9743","11448","4748","2763","4748","3885","2113","3885","3847","1634","3847","4439","2927","4439",""
"MA200-0416","26295","70","1","1.10","1.4","2023-05-16T11:55:30","120","2023/05/16","11:55:30","-15.781505823135376","35.097883477807045","0.3","11","30","64","31","-24508","344","1819","9","150","150.62","117.14","33.48","31.96","35.1","14.65","88832","32.81","DUALSPOT-UV-BLUE-GREEN-RED-IR","832539","733891","903927","2.277493","0.533939","0.000000","798471","923231","764951","1.226646","0.239061","0.000000","893122","925302","815246","0.939601","0.149262","0.000000","875755","941738","862895","0.700271","0.064355","0.000000","742564","861438","954924","0.618820","0.136345","0.000000","10178","8081","10178","3972","1925","3972","3256","1046","3256","3059","750","3059","3400","1609","3400",""
"MA200-0416","26296","70","1","1.10","1.4","2023-05-16T11:56:00","120","2023/05/16","11:56:00","-15.781494379043579","35.09788381308317","0.1","11","30","64","31","-24632","2916","572","9","150","150.28","117.25","33.03","32.00","35.1","14.68","88832","32.88","DUALSPOT-UV-BLUE-GREEN-RED-IR","834093","735521","906038","2.310645","0.543043","0.000000","799549","924690","766188","1.242291","0.241327","0.000000","894567","926948","816711","0.951695","0.149262","0.000000","877875","944118","865049","0.707846","0.063246","0.000000","743772","862923","956599","0.627479","0.138209","0.000000","1660","1618","1660","989","508","989","856","0","856","648","-336","648","1031","788","1031",""
"MA200-0416","26297","70","1","1.10","1.4","2023-05-16T11:56:30","120","2023/05/16","11:56:30","-15.78146368265152","35.09786298125982","0.1","11","30","64","32","-24236","3032","1456","9","150","149.45","116.91","32.54","32.05","34.9","14.64","88832","32.94","DUALSPOT-UV-BLUE-GREEN-RED-IR","834490","735976","906671","2.345607","0.552339","0.000000","793837","918100","760734","1.256746","0.244878","0.000000","894682","927129","816890","0.962734","0.150465","0.000000","879913","946355","867112","0.714153","0.062006","0.000000","740451","859096","952369","0.634162","0.138237","0.000000","1756","1678","1756","916","809","916","783","307","783","541","-382","541","798","12","798",""
"MA200-0416","26298","70","1","1.10","1.4","2023-05-16T11:57:00","120","2023/05/16","11:57:00","-15.781465530395508","35.09785331785679","0.1","11","30","64","31","-24224","2888","924","9","150","149.53","117.00","32.52","32.12","34.7","14.61","88832","33.00","DUALSPOT-UV-BLUE-GREEN-RED-IR","834400","736163","907012","2.383990","0.562149","0.000000","793780","918287","760918","1.277244","0.248104","0.000000","893467","926007","815903","0.975972","0.152528","0.000000","870404","936238","857858","0.724864","0.062764","0.000000","739216","857734","950850","0.645128","0.141237","0.000000","1926","1771","1926","1298","735","1298","939","526","939","918","233","918","1309","1288","1309",""
"MA200-0416","26299","70","1","1.10","1.4","2023-05-16T11:57:30","120","2023/05/16","11:57:30","-15.781503021717072","35.0978674814105","0.5","11","30","64","31","-24612","452","376","9","150","149.83","116.95","32.88","32.16","34.7","14.63","88836","33.06","DUALSPOT-UV-BLUE-GREEN-RED-IR","828741","731561","901486","2.458608","0.578069","0.000000","795760","920772","763008","1.309704","0.252056","0.000000","891806","924511","814611","1.001066","0.154966","0.000000","874504","940799","862029","0.743401","0.061631","0.000000","740907","859841","953213","0.659605","0.143311","0.000000","3747","2843","3747","2057","890","2057","1781","615","1781","1590","-345","1590","1729","881","1729",""
"MA200-0416","26300","70","1","1.10","1.4","2023-05-16T11:58:00","120","2023/05/16","11:58:00","-15.781514465808868","35.09787380695343","0.1","11","30","64","31","-24204","3607","1743","9","150","149.62","117.15","32.47","32.23","34.7","14.67","88832","33.13","DUALSPOT-UV-BLUE-GREEN-RED-IR","828890","731973","902089","2.508513","0.590351","0.000000","795619","920849","763109","1.338470","0.256561","0.000000","892115","924979","815042","1.022416","0.155813","0.000000","873961","940395","861639","0.760221","0.062096","0.000000","740603","859590","952947","0.673666","0.145609","0.000000","2502","2221","2502","1820","1028","1820","1513","216","1513","1440","143","1440","1676","988","1676",""
"MA200-0416","26301","70","1","1.10","1.4","2023-05-16T11:58:30","120","2023/05/16","11:58:30","-15.781505227088928","35.097887977957726","0.1","11","30","64","31","-25132","-312","-2252","9","150","149.39","117.14","32.24","32.28","34.6","14.69","88832","33.13","DUALSPOT-UV-BLUE-GREEN-RED-IR","831449","734461","905251","2.551177","0.599887","0.000000","797897","923674","765473","1.361596","0.259147","0.000000","893855","926948","816787","1.040524","0.157464","0.000000","877761","944611","865500","0.773143","0.061893","0.000000","743015","862507","956201","0.686061","0.148028","0.000000","2139","1737","2139","1463","594","1463","1283","425","1283","1106","-63","1106","1478","1047","1478",""
"MA200-0416","26302","70","1","1.10","1.4","2023-05-16T11:59:00","120","2023/05/16","11:59:00","-15.78151673078537","35.09798814356327","0.6","11","30","64","31","-23600","-7760","2636","9","150","150.23","116.95","33.28","32.34","34.5","14.69","88852","33.19","DUALSPOT-UV-BLUE-GREEN-RED-IR","832303","736080","907599","2.695520","0.637199","0.000000","792498","918242","761169","1.469141","0.283920","0.000000","892975","926755","816780","1.127701","0.176412","0.000000","877220","944604","865619","0.840729","0.074672","0.000000","741491","861014","954658","0.732463","0.159316","0.000000","7249","6584","7249","6817","5517","6817","6188","4726","6188","5798","3852","5798","5542","4737","5542",""
"MA200-0416","26303","70","1","1.10","1.4","2023-05-16T11:59:30","120","2023/05/16","11:59:30","-15.781514465808868","35.098107136785984","0.3","11","30","64","31","-24748","1172","-76","9","150","150.28","117.13","33.16","32.40","34.4","14.72","88868","33.25","DUALSPOT-UV-BLUE-GREEN-RED-IR","833147","737072","908952","2.757430","0.654233","0.000000","793269","919365","762150","1.510524","0.292879","0.000000","893723","927730","817668","1.162076","0.181627","0.000000","878566","946219","867094","0.866049","0.077033","0.000000","742125","861875","955676","0.753292","0.164444","0.000000","3104","3017","3104","2619","2003","2619","2436","1305","2436","2168","714","2168","2484","2160","2484",""
"MA200-0416","26304","70","1","1.10","1.4","2023-05-16T12:00:00","120","2023/05/16","12:00:00","-15.781448602676392","35.09818481653929","1.0","11","30","64","31","-26008","-1276","1611","9","150","149.72","116.86","32.85","32.44","34.6","14.83","88892","33.25","DUALSPOT-UV-BLUE-GREEN-RED-IR","832506","736730","908611","2.791665","0.661174","0.000000","792426","918578","761516","1.531851","0.293802","0.000000","889009","922942","813442","1.175880","0.180948","0.000000","870277","937411","859007","0.875806","0.075376","0.000000","741989","861763","955557","0.762620","0.166440","0.000000","1720","1240","1720","1352","208","1352","980","-171","980","837","-505","837","1115","848","1115",""
"MA200-0416","26305","70","1","1.10","1.4","2023-05-16T12:00:30","120","2023/05/16","12:00:30","-15.781477212905884","35.09834364801645","1.5","11","30","64","31","-26044","-1500","820","9","150","149.45","116.91","32.54","32.49","34.5","14.81","88912","33.31","DUALSPOT-UV-BLUE-GREEN-RED-IR","825437","730638","901156","2.827240","0.670848","0.000000","793217","919618","762419","1.552510","0.299209","0.000000","889131","923201","813688","1.190680","0.183469","0.000000","870677","937918","859465","0.885009","0.074911","0.000000","736894","855931","949097","0.773077","0.167630","0.000000","1787","1746","1787","1310","1231","1310","1051","643","1051","789","-143","789","1249","510","1249",""
"MA200-0416","26306","70","1","1.10","1.4","2023-05-16T12:01:00","120","2023/05/16","12:01:00","-15.781542837619781","35.09855331480503","0.1","11","30","64","31","-24264","2564","2416","9","150","150.23","116.88","33.35","32.54","34.3","14.76","88924","33.31","DUALSPOT-UV-BLUE-GREEN-RED-IR","827931","732992","904127","2.853595","0.677743","0.000000","794560","921297","763795","1.565158","0.300907","0.000000","890739","924920","815229","1.201451","0.185150","0.000000","874260","941843","863062","0.892019","0.074327","0.000000","739130","858592","952068","0.780525","0.169599","0.000000","1324","1214","1324","802","377","802","765","418","765","601","-175","601","890","824","890",""
"MA200-0416","26307","70","1","1.10","1.4","2023-05-16T12:01:30","120","2023/05/16","12:01:30","-15.781589806079865","35.09866297990084","0.6","11","30","72","31","-24940","-2172","1932","9","150","150.16","117.18","32.98","32.57","34.0","14.66","88936","33.31","DUALSPOT-UV-BLUE-GREEN-RED-IR","773312","684739","844644","2.877915","0.683054","0.000000","795763","922785","765074","1.578158","0.302886","0.000000","891308","925658","815856","1.211929","0.186610","0.000000","874241","941885","863090","0.898569","0.074011","0.000000","739257","858755","952286","0.787359","0.170550","0.000000","1218","945","1218","822","445","822","742","367","742","560","-96","560","814","402","814",""
"MA200-0416","26308","70","1","1.10","1.4","2023-05-16T12:02:00","120","2023/05/16","12:02:00","-15.781717240810394","35.09885597974062","0.6","11","30","64","31","-23988","-5432","1652","9","150","149.99","117.31","32.67","32.61","33.9","14.64","88948","33.38","DUALSPOT-UV-BLUE-GREEN-RED-IR","827315","732755","903933","2.905275","0.690008","0.000000","794540","921488","764013","1.592612","0.303930","0.000000","889950","924306","814653","1.220565","0.185019","0.000000","872828","940431","861748","0.904744","0.072056","0.000000","738108","857493","950867","0.795516","0.171174","0.000000","1369","1250","1369","913","236","913","611","-404","611","528","-600","528","971","266","971",""
"MA200-0416","26309","70","1","1.10","1.4","2023-05-16T12:02:30","120","2023/05/16","12:02:30","-15.781651556491852","35.09891231358051","0.2","11","30","64","31","-23780","-4607","173","9","150","150.08","117.42","32.66","32.64","33.7","14.61","88944","33.38","DUALSPOT-UV-BLUE-GREEN-RED-IR","830437","735613","907547","2.928838","0.697361","0.000000","791171","917634","760829","1.605934","0.307106","0.000000","891547","926036","816204","1.230419","0.186872","0.000000","876048","943977","864990","0.911474","0.071066","0.000000","739363","858994","952544","0.802284","0.173315","0.000000","1178","1322","1178","841","720","841","696","471","696","574","-304","574","805","915","805",""
"MA200-0416","26310","70","1","1.10","1.4","2023-05-16T12:03:00","120","2023/05/16","12:03:00","-15.781656324863434","35.09894597530365","0.1","11","30","64","31","-24164","3880","2572","9","150","149.33","117.26","32.06","32.68","33.8","14.65","88952","33.44","DUALSPOT-UV-BLUE-GREEN-RED-IR","830804","736059","908118","2.948915","0.700376","0.000000","791431","918050","761171","1.616657","0.306259","0.000000","892340","926918","816992","1.237040","0.184661","0.000000","876523","944515","865470","0.914174","0.069212","0.000000","740240","860074","953741","0.806665","0.171913","0.000000","1005","552","1005","677","-195","677","468","-572","468","231","-580","231","521","-610","521",""
"MA200-0416","26311","70","1","1.10","1.4","2023-05-16T12:03:30","120","2023/05/16","12:03:30","-15.781661331653595","35.09895131736994","0.1","11","30","64","31","-24852","588","324","9","150","150.41","116.94","33.47","32.70","33.7","14.63","88952","33.44","DUALSPOT-UV-BLUE-GREEN-RED-IR","831639","736927","909229","2.970155","0.705242","0.000000","792208","919064","762021","1.627070","0.307273","0.000000","893001","927690","817659","1.245874","0.184661","0.000000","877666","945843","866671","0.921028","0.067937","0.000000","740337","860215","953902","0.812688","0.173116","0.000000","1066","853","1066","660","224","660","627","0","627","588","-382","588","719","502","719",""
"MA200-0416","26312","70","1","1.10","1.4","2023-05-16T12:04:00","120","2023/05/16","12:04:00","-15.781687200069427","35.098964139819145","1.9","11","30","64","31","-24296","-2640","-1248","9","150","150.10","117.33","32.78","32.72","33.7","14.65","88948","33.50","DUALSPOT-UV-BLUE-GREEN-RED-IR","831435","736848","909193","2.990945","0.709377","0.000000","792124","919054","762026","1.638573","0.309144","0.000000","888638","923249","813742","1.254028","0.185650","0.000000","871195","938903","860321","0.926774","0.067705","0.000000","740854","860881","954650","0.818401","0.173565","0.000000","1040","741","1040","726","423","726","576","250","576","491","-71","491","680","191","680",""
"MA200-0416","26313","70","1","1.10","1.4","2023-05-16T12:04:30","120","2023/05/16","12:04:30","-15.781718909740448","35.09918914735317","0.5","11","30","64","31","-24980","-2140","1756","9","150","149.99","117.81","32.18","32.74","33.6","14.62","88964","33.50","DUALSPOT-UV-BLUE-GREEN-RED-IR","825383","731637","902814","3.015090","0.715599","-0.026584","793739","921037","763678","1.652277","0.312417","0.000000","889866","924603","814935","1.264286","0.188511","0.000000","871587","939376","860797","0.934207","0.068510","0.000000","740920","860991","954771","0.823238","0.174253","0.000000","1203","1135","1114","862","754","862","722","738","722","632","250","632","573","298","573",""
"MA200-0416","26314","70","1","1.10","1.4","2023-05-16T12:05:00","120","2023/05/16","12:05:00","-15.781857192516327","35.09932064265013","0.7","11","30","64","31","-23044","-5128","-4764","9","150","149.83","117.50","32.33","32.77","33.4","14.59","88964","33.56","DUALSPOT-UV-BLUE-GREEN-RED-IR","825200","731571","902756","3.037037","0.721658","0.001528","793674","921049","763686","1.663798","0.314325","0.000000","889529","924328","814690","1.272643","0.188493","0.000000","873292","941296","862507","0.940012","0.067723","0.000000","741581","861778","955669","0.829257","0.175216","0.000000","1097","1100","1102","726","437","726","590","-4","590","495","-244","495","715","416","715",""
"MA200-0416","26315","70","1","1.10","1.4","2023-05-16T12:05:30","120","2023/05/16","12:05:30","-15.78189218044281","35.09940431267023","0.5","11","30","64","31","-25311","-4192","2092","9","150","150.21","116.96","33.25","32.79","33.3","14.57","88968","33.56","DUALSPOT-UV-BLUE-GREEN-RED-IR","826106","732525","904021","3.062940","0.728237","-0.053185","794060","921600","764162","1.678622","0.316595","0.000000","890425","925352","815625","1.282811","0.189316","0.000000","874191","942326","863471","0.947707","0.069082","0.000000","742192","862547","956498","0.833807","0.175416","0.000000","1300","1161","1118","939","505","939","721","205","721","660","410","660","543","84","543",""
"MA200-0416","26316","70","1","1.10","1.4","2023-05-16T12:06:00","120","2023/05/16","12:06:00","-15.781881868839264","35.09948332607746","0.4","11","30","64","31","-25564","119","1496","9","150","149.40","117.96","31.44","32.83","33.5","14.68","88960","33.63","DUALSPOT-UV-BLUE-GREEN-RED-IR","827922","734269","906206","3.082718","0.730590","-0.856944","795051","922874","765249","1.689714","0.316047","0.000000","891637","926658","816802","1.289642","0.188172","0.000000","875690","944017","864992","0.950968","0.065786","0.000000","738691","858496","952017","0.837921","0.175270","0.000000","984","439","270","697","-129","697","480","-302","480","277","-1051","277","487","-65","487",""
"MA200-0416","26317","70","1","1.10","1.4","2023-05-16T12:06:30","120","2023/05/16","12:06:30","-15.781871378421783","35.09948981553316","0.4","11","30","64","31","-24176","-7311","-2384","9","150","149.80","117.31","32.48","32.86","33.3","14.60","88960","33.63","DUALSPOT-UV-BLUE-GREEN-RED-IR","827627","734170","906178","3.115041","0.742343","0.093523","795388","923342","765716","1.706785","0.324291","0.000000","891525","926636","816824","1.304799","0.194644","0.000000","875983","944391","865385","0.962024","0.069952","0.000000","738869","858757","952333","0.845464","0.177967","0.000000","1618","2125","2283","1078","1881","1078","1072","1654","1072","945","1286","945","898","1159","898",""
"MA200-0416","26318","70","1","1.10","1.4","2023-05-16T12:07:00","120","2023/05/16","12:07:00","-15.781904876232147","35.09950564801693","0.1","11","30","64","30","-23108","-8948","-792","9","150","149.49","117.16","32.33","32.89","33.0","14.49","88960","33.63","DUALSPOT-UV-BLUE-GREEN-RED-IR","829402","735882","908366","3.144503","0.751262","0.035983","790947","918287","761555","1.724046","0.328540","0.000000","892074","927300","817398","1.317077","0.198185","0.000000","876157","944637","865616","0.970977","0.071424","0.000000","738409","858246","951790","0.851547","0.179579","0.000000","1477","1620","1665","1092","974","1092","870","909","870","766","456","766","725","696","725",""
"MA200-0416","26319","70","1","1.10","1.4","2023-05-16T12:07:30","120","2023/05/16","12:07:30","-15.782017707824707","35.09952064603567","0.3","11","30","64","30","-23036","-7960","-984","9","150","149.70","117.26","32.43","32.91","32.8","14.40","88972","33.69","DUALSPOT-UV-BLUE-GREEN-RED-IR","830385","736877","909654","3.169141","0.758235","0.009362","790836","918254","761515","1.737541","0.331806","0.000000","892530","927850","817911","1.327175","0.198143","0.000000","870117","938191","859726","0.976938","0.071543","0.000000","739233","859287","952944","0.856714","0.180995","0.000000","1234","1262","1271","853","746","853","714","-10","714","509","36","509","615","609","615",""
"MA200-0416","26320","70","1","1.10","1.4","2023-05-16T12:08:00","120","2023/05/16","12:08:00","-15.78206717967987","35.099524304270744","0.6","11","30","64","30","-24308","-3400","4504","9","150","149.85","116.79","33.06","32.94","32.9","14.48","88964","33.69","DUALSPOT-UV-BLUE-GREEN-RED-IR","828715","735515","908014","3.187439","0.759384","14.731725","789998","917398","760821","1.748121","0.330047","0.000000","887612","922772","813414","1.334577","0.196588","0.000000","876055","944673","865611","0.981688","0.068027","0.000000","738192","858067","951603","0.861066","0.180412","0.000000","920","203","-20","671","-394","671","526","-390","526","408","-1066","408","520","-246","520",""
"MA200-0416","26321","70","1","1.10","1.4","2023-05-16T12:08:30","120","2023/05/16","12:08:30","-15.78213781118393","35.0995891392231","0.3","11","30","64","30","-15264","-20912","-292","9","150","150.03","117.78","32.25","32.99","32.7","14.45","88968","33.75","DUALSPOT-UV-BLUE-GREEN-RED-IR","823888","731386","902957","3.216907","0.768039","0.027123","792662","920623","763518","1.763707","0.333982","0.000000","889388","924746","815191","1.346021","0.199658","0.000000","871066","939368","860768","0.990223","0.069648","0.000000","739433","859568","953294","0.868057","0.183242","0.000000","1469","1576","1610","981","904","981","806","790","806","727","504","727","829","1226","829",""
"MA200-0416","26322","70","1","1.10","1.4","2023-05-16T12:09:00","120","2023/05/16","12:09:00","-15.782129645347595","35.09960346668959","0.3","11","30","64","30","-24544","-3287","2296","9","150","149.90","117.30","32.59","33.03","32.7","14.49","88984","33.75","DUALSPOT-UV-BLUE-GREEN-RED-IR","824880","732443","904336","3.243275","0.775014","-0.020731","793449","921630","764381","1.778090","0.336801","0.000000","889935","925375","815761","1.356655","0.199735","0.000000","871989","940399","861724","0.997221","0.069374","0.000000","739908","860150","953953","0.873401","0.183294","0.000000","1320","1257","1237","908","641","908","752","19","752","598","-84","598","636","22","636",""
"MA200-0416","26323","70","1","1.10","1.4","2023-05-16T12:09:30","120","2023/05/16","12:09:30","-15.782161355018616","35.09961748123169","0.1","11","30","64","30","-24796","1236","580","9","150","150.29","117.30","32.99","33.05","32.4","14.34","88984","33.81","DUALSPOT-UV-BLUE-GREEN-RED-IR","826054","733609","905854","3.273155","0.785213","0.067036","793662","921966","764691","1.793873","0.342916","0.000000","890814","926360","816644","1.367849","0.204086","0.000000","874221","942880","864019","1.005750","0.071597","0.000000","741044","861509","955465","0.880321","0.186164","0.000000","1496","1815","1916","997","1374","997","792","1094","792","729","676","729","824","1215","824",""
"MA200-0416","26324","70","1","1.10","1.4","2023-05-16T12:10:00","120","2023/05/16","12:10:00","-15.782164633274078","35.09960647672415","0.0","11","30","64","30","-24896","344","408","9","150","149.70","117.18","32.51","33.06","32.1","14.21","88980","33.81","DUALSPOT-UV-BLUE-GREEN-RED-IR","824387","732277","904285","3.301971","0.794548","0.054729","792557","920789","763755","1.808804","0.347620","0.000000","889846","925443","815867","1.377940","0.207138","0.000000","872852","941462","862707","1.012438","0.073671","0.000000","740251","860655","954498","0.888591","0.186493","0.000000","1444","1686","1762","944","1072","944","714","779","714","572","640","572","985","141","985",""
"MA200-0416","26325","70","1","1.10","1.4","2023-05-16T12:10:30","120","2023/05/16","12:10:30","-15.782150506973267","35.0995881408453","0.0","11","30","64","30","-24700","1448","184","9","150","150.03","117.14","32.88","33.07","31.8","14.09","88980","33.88","DUALSPOT-UV-BLUE-GREEN-RED-IR","826749","734484","907108","3.327170","0.800834","-0.051609","794526","923156","765741","1.822662","0.352077","0.000000","891232","926967","817216","1.388734","0.209754","0.000000","875368","944213","865273","1.020407","0.074422","0.000000","741792","862508","956592","0.895032","0.188240","0.000000","1263","1122","1078","876","1004","876","765","660","765","682","229","682","768","741","768",""
"MA200-0416","26326","70","1","1.10","1.4","2023-05-16T12:11:00","120","2023/05/16","12:11:00","-15.782173693180084","35.09959963709116","0.1","12","30","64","30","-24672","-3523","204","9","150","149.90","117.38","32.51","33.07","31.5","13.95","88988","33.88","DUALSPOT-UV-BLUE-GREEN-RED-IR","826709","734616","907360","3.356145","0.809976","0.046167","794695","923449","766038","1.837629","0.355100","0.000000","887497","923150","813881","1.400285","0.212699","0.000000","876015","944980","865980","1.027423","0.076312","0.000000","737589","857671","951228","0.899951","0.189628","0.000000","1449","1651","1715","945","689","945","816","751","816","599","582","599","585","596","585",""
"MA200-0416","26327","70","1","1.10","1.4","2023-05-16T12:11:30","120","2023/05/16","12:11:30","-15.782144844532013","35.099549643695354","0.2","12","30","64","30","-21680","-6479","128","9","150","150.49","117.70","32.79","33.06","31.4","13.86","88976","33.88","DUALSPOT-UV-BLUE-GREEN-RED-IR","827049","735033","907881","3.376987","0.813819","-0.237871","789206","917116","760796","1.850534","0.357072","0.000000","890831","926678","817032","1.410073","0.214695","0.000000","875076","944022","865099","1.033663","0.076055","0.000000","741616","862352","956411","0.901996","0.188265","0.000000","1040","688","576","812","445","812","690","505","690","531","-78","531","242","-580","242",""
"MA200-0416","26328","70","1","1.10","1.4","2023-05-16T12:12:00","120","2023/05/16","12:12:00","-15.782136976718903","35.09955998510122","0.5","12","30","64","30","-24980","-2452","-1416","9","150","149.73","117.62","32.12","33.06","31.8","14.05","88972","33.88","DUALSPOT-UV-BLUE-GREEN-RED-IR","826978","735092","907892","3.388491","0.808530","0.412005","788632","916639","760298","1.857996","0.351381","0.000000","887879","923719","814313","1.414359","0.208813","0.000000","876284","945428","866344","1.037865","0.073599","0.000000","738504","858744","952397","0.902643","0.186864","0.000000","574","-967","-1450","470","-1313","470","302","-1520","302","358","-767","358","76","-609","76",""
"MA200-0416","26329","70","1","1.10","1.4","2023-05-16T12:12:30","120","2023/05/16","12:12:30","-15.782071113586426","35.09953114390373","0.7","12","30","64","30","-24984","-5168","928","9","150","150.23","117.62","32.61","33.08","32.2","14.27","88964","33.88","DUALSPOT-UV-BLUE-GREEN-RED-IR","825758","734169","906821","3.414670","0.813806","-0.163601","794451","923538","766061","1.872510","0.351934","0.000000","891128","927182","817419","1.426548","0.210601","0.000000","875577","944709","865671","1.045572","0.073975","0.000000","741997","862821","956927","0.906776","0.186519","0.000000","1307","950","838","914","125","914","860","455","860","657","115","657","490","-147","490",""
"MA200-0416","26330","70","1","1.10","1.4","2023-05-16T12:13:00","120","2023/05/16","12:13:00","-15.782073974609375","35.09955647587776","0.3","12","30","64","30","-23596","1480","6200","9","150","149.87","117.17","32.70","33.12","32.6","14.51","88960","33.88","DUALSPOT-UV-BLUE-GREEN-RED-IR","826916","735277","908236","3.435262","0.819091","-0.034328","789143","917460","761044","1.885229","0.354551","0.000000","891132","927279","817484","1.434577","0.211251","0.000000","874967","944098","865116","1.048779","0.072860","0.000000","742334","863283","957468","0.911930","0.189085","0.000000","1032","949","923","804","593","804","568","164","568","274","-342","274","614","1096","614",""
"MA200-0416","26331","70","1","1.10","1.4","2023-05-16T12:13:30","120","2023/05/16","12:13:30","-15.78198617696762","35.09949264675379","0.1","12","30","64","30","-24537","-862","2491","9","150","149.51","117.42","32.08","33.14","33.1","14.77","88964","33.88","DUALSPOT-UV-BLUE-GREEN-RED-IR","826170","734774","907654","3.455808","0.823450","-0.120266","788419","916705","760380","1.893139","0.352668","0.000000","890754","926949","817200","1.442766","0.209362","0.000000","875275","944519","865508","1.057297","0.072258","0.000000","741303","862111","956159","0.916358","0.190117","0.000000","1027","797","725","499","-434","499","579","-488","579","727","-188","727","526","449","526",""
"MA200-0416","26332","70","1","1.10","1.4","2023-05-16T12:14:00","120","2023/05/16","12:14:00","-15.781926691532135","35.099448315799236","0.6","12","30","64","30","-24620","-1276","2880","9","150","149.63","117.02","32.61","33.17","33.5","14.96","88968","33.94","DUALSPOT-UV-BLUE-GREEN-RED-IR","826816","735490","908603","3.482319","0.830961","0.006221","789205","917716","761261","1.909476","0.357042","0.000000","887703","923850","814495","1.452774","0.211167","0.000000","876911","946335","867194","1.063311","0.072789","0.000000","737158","857293","950858","0.922843","0.191082","0.000000","1330","1353","1360","1034","994","1034","710","459","710","515","163","515","774","413","774",""
"MA200-0416","26333","70","1","1.10","1.4","2023-05-16T12:14:30","120","2023/05/16","12:14:30","-15.781884491443634","35.099374644458294","1.0","13","30","64","30","-25140","-1324","3052","9","150","149.64","117.14","32.49","33.22","33.6","15.04","88968","33.94","DUALSPOT-UV-BLUE-GREEN-RED-IR","825918","734851","907927","3.516684","0.843225","0.077844","788948","917515","761148","1.926363","0.363080","0.000000","886228","922388","813217","1.464462","0.214344","0.000000","874702","944018","865079","1.072484","0.074851","0.000000","740351","861077","955053","0.933021","0.195722","0.000000","1723","2216","2372","1068","1377","1068","828","811","828","785","636","785","1213","1994","1213",""
"MA200-0416","26334","70","1","1.10","1.4","2023-05-16T12:15:00","120","2023/05/16","12:15:00","-15.781765699386597","35.099272303283215","0.2","13","30","64","30","-24304","-1440","4508","9","150","149.63","117.66","31.97","33.28","33.8","15.18","88964","33.94","DUALSPOT-UV-BLUE-GREEN-RED-IR","821592","731162","903417","3.537823","0.845834","-0.716855","791313","920401","763520","1.935905","0.360553","0.000000","888429","924814","815314","1.469379","0.210809","0.000000","870256","939270","860698","1.075089","0.070238","0.000000","737962","858322","952014","0.935297","0.192735","0.000000","1055","479","298","601","-586","601","346","-918","346","222","-1447","222","270","-1305","270",""
"MA200-0416","26335","70","1","1.10","1.4","2023-05-16T12:15:30","120","2023/05/16","12:15:30","-15.78175038099289","35.099265806376934","0.2","13","30","64","30","-24440","552","3392","9","150","150.20","117.44","32.76","33.33","33.7","15.18","88960","34.00","DUALSPOT-UV-BLUE-GREEN-RED-IR","823267","732782","905491","3.565954","0.854587","0.037004","792642","922026","764918","1.948535","0.363325","0.000000","889119","925602","816012","1.479703","0.211913","0.000000","871978","941182","862442","1.082378","0.069689","0.000000","738959","859540","953397","0.945066","0.197098","0.000000","1406","1569","1620","797","627","797","729","279","729","622","-167","622","1162","1860","1162",""
"MA200-0416","26336","70","1","1.10","1.4","2023-05-16T12:16:00","120","2023/05/16","12:16:00","-15.781762480735779","35.09924080222845","1.0","13","30","64","30","-24696","2572","-44","9","150","149.95","117.61","32.33","33.42","33.6","15.24","88964","34.06","DUALSPOT-UV-BLUE-GREEN-RED-IR","823728","733347","906222","3.595392","0.862714","0.001528","793116","922682","765445","1.961595","0.365203","0.000000","890821","927449","817632","1.487493","0.211566","0.000000","874286","943775","864764","1.087313","0.067985","0.000000","739419","860163","954074","0.953758","0.198143","0.000000","1470","1476","1478","823","430","823","549","-88","549","420","-528","420","1032","451","1032",""
"MA200-0416","26337","70","1","1.10","1.4","2023-05-16T12:16:30","120","2023/05/16","12:16:30","-15.781718909740448","35.09908898174763","0.7","13","30","64","30","-24283","554","4558","9","150","150.16","117.46","32.70","33.50","33.8","15.38","88956","34.13","DUALSPOT-UV-BLUE-GREEN-RED-IR","826151","735624","909104","3.615786","0.865203","-0.779868","788712","917683","761269","1.971751","0.361310","0.000000","886441","922993","813649","1.492357","0.206083","0.000000","874967","944565","865464","1.089555","0.063074","0.000000","739176","859934","953839","0.960180","0.198764","0.000000","1019","447","266","641","-882","641","343","-1392","343","191","-1506","191","763","265","763",""
"MA200-0416","26338","70","1","1.10","1.4","2023-05-16T12:17:00","120","2023/05/16","12:17:00","-15.781644701957703","35.09902531653643","0.1","13","30","64","30","-23680","1808","5852","9","150","150.43","117.66","32.76","33.61","34.0","15.56","88948","34.19","DUALSPOT-UV-BLUE-GREEN-RED-IR","820584","730863","903267","3.646590","0.871322","-0.165703","790590","919977","763177","1.986283","0.360721","0.000000","888040","924775","815199","1.502853","0.202638","0.000000","869395","938663","860002","1.096844","0.058568","0.000000","740356","861338","955426","0.971796","0.201925","0.000000","1537","1096","958","915","-133","915","740","-872","740","621","-1379","621","1379","1347","1379",""
"MA200-0416","26339","70","1","1.10","1.4","2023-05-16T12:17:30","120","2023/05/16","12:17:30","-15.78169995546341","35.09895531088114","0.6","13","30","64","30","-24544","-1160","-944","9","150","149.76","117.30","32.46","33.72","34.0","15.67","88932","34.25","DUALSPOT-UV-BLUE-GREEN-RED-IR","822348","732659","905547","3.684164","0.882295","0.018410","791897","921621","764569","2.001673","0.362342","0.000000","888708","925535","815875","1.513296","0.202310","0.000000","871262","940782","861912","1.102519","0.055063","0.000000","741201","862437","956681","0.984182","0.203682","0.000000","1881","1985","2018","972","370","972","739","-83","739","485","-1083","485","1475","756","1475",""
"MA200-0416","26340","70","1","1.10","1.4","2023-05-16T12:18:00","120","2023/05/16","12:18:00","-15.781689703464508","35.09892097115517","0.1","13","30","64","30","-20504","-11184","2500","9","150","149.92","117.84","32.08","33.83","33.6","15.60","88932","34.31","DUALSPOT-UV-BLUE-GREEN-RED-IR","824397","734601","908066","3.716800","0.890974","-0.008436","793168","923236","765895","2.015257","0.362895","0.000000","890196","927192","817350","1.522779","0.200784","0.000000","874005","943827","864675","1.107800","0.049335","0.000000","737756","858525","952360","0.997724","0.207215","0.000000","1626","1589","1577","854","127","854","668","-394","668","449","-1791","449","1605","1538","1605",""
"MA200-0416","26341","70","1","1.10","1.4","2023-05-16T12:18:30","120","2023/05/16","12:18:30","-15.781704366207123","35.09887831658125","0.2","13","30","64","30","-24328","1388","2616","9","150","150.36","117.38","32.98","33.94","33.3","15.55","88932","34.38","DUALSPOT-UV-BLUE-GREEN-RED-IR","826105","736266","910205","3.746334","0.899211","-0.002520","788787","918239","761752","2.026576","0.362228","0.000000","887108","924064","814565","1.528591","0.196761","0.000000","868757","938227","859506","1.110822","0.044471","0.000000","737873","858748","952624","1.007911","0.207969","0.000000","1477","1467","1463","714","-150","714","411","-1012","411","258","-1479","258","1212","319","1212",""
"MA200-0416","26342","70","1","1.10","1.4","2023-05-16T12:19:00","120","2023/05/16","12:19:00","-15.781709432601929","35.09888681024313","0.0","13","30","64","30","-24284","3920","748","9","150","149.80","117.24","32.56","34.04","33.2","15.61","88932","34.50","DUALSPOT-UV-BLUE-GREEN-RED-IR","821278","732147","905131","3.770240","0.902130","-0.742383","790570","920414","763521","2.034539","0.359291","0.000000","888743","925871","816119","1.533669","0.192379","0.000000","871447","941242","862223","1.114159","0.038415","0.000000","739941","861264","955404","1.019144","0.207954","0.000000","1197","526","315","503","-668","503","359","-1117","359","285","-1866","285","1338","-6","1338",""
"MA200-0416","26343","70","1","1.10","1.4","2023-05-16T12:19:30","120","2023/05/16","12:19:30","-15.781722843647003","35.09889464080334","0.1","13","30","64","29","-24629","-2133","3208","9","150","149.57","116.83","32.74","34.11","33.1","15.58","88928","34.56","DUALSPOT-UV-BLUE-GREEN-RED-IR","821060","732088","905099","3.795941","0.907802","-0.102036","790519","920498","763572","2.046972","0.358974","0.000000","888681","925876","816096","1.541381","0.189513","0.000000","871074","940892","861822","1.117014","0.032651","0.000000","739451","860712","954814","1.030349","0.209423","0.000000","1292","1017","931","788","-71","788","548","-726","548","245","-1766","245","1339","626","1339",""
"MA200-0416","26344","70","1","1.10","1.4","2023-05-16T12:20:00","120","2023/05/16","12:20:00","-15.781695544719696","35.09888931363821","0.5","13","30","64","30","-24460","-1456","971","9","150","150.23","117.58","32.65","34.19","32.7","15.47","88924","34.63","DUALSPOT-UV-BLUE-GREEN-RED-IR","825625","736353","910496","3.830743","0.918075","0.020028","788608","918379","761843","2.061772","0.361286","0.000000","891051","928470","818373","1.553029","0.190633","0.000000","874861","945100","865677","1.125258","0.031256","0.000000","741199","862848","957215","1.041284","0.210640","0.000000","1738","1848","1882","933","524","933","822","284","822","703","-428","703","1299","521","1299",""
"MA200-0416","26345","70","1","1.10","1.4","2023-05-16T12:20:30","120","2023/05/16","12:20:30","-15.781729996204376","35.09881331771612","0.6","13","30","64","30","-24964","-1768","88","9","150","149.83","117.58","32.25","34.24","32.4","15.37","88920","34.69","DUALSPOT-UV-BLUE-GREEN-RED-IR","819286","730849","903690","3.857261","0.923013","-0.189286","789280","919286","762614","2.076161","0.361125","0.000000","887936","925327","815557","1.561445","0.187504","0.000000","869549","939471","860469","1.130378","0.027030","0.000000","737827","859041","952960","1.050966","0.211352","0.000000","1324","899","765","907","-36","907","594","-805","594","436","-1314","436","1150","308","1150",""
"MA200-0416","26346","70","1","1.10","1.4","2023-05-16T12:21:00","120","2023/05/16","12:21:00","-15.781662166118622","35.098735474050045","0.3","13","30","64","30","-24876","1396","-464","9","150","150.09","117.10","32.99","34.31","32.3","15.39","88920","34.75","DUALSPOT-UV-BLUE-GREEN-RED-IR","821148","732688","906032","3.886627","0.930002","-0.065965","791052","921446","764423","2.090800","0.361883","0.000000","888995","926553","816668","1.572484","0.187767","0.000000","870914","940991","861862","1.137667","0.024855","0.000000","738110","859394","953408","1.060386","0.213495","0.000000","1472","1244","1172","926","170","926","782","66","782","624","-661","624","1123","907","1123",""
"MA200-0416","26347","70","1","1.10","1.4","2023-05-16T12:21:30","120","2023/05/16","12:21:30","-15.781589150428772","35.09867265075445","0.7","13","30","64","29","-24066","-4283","2441","9","150","150.36","117.58","32.78","34.36","32.3","15.44","88912","34.81","DUALSPOT-UV-BLUE-GREEN-RED-IR","821868","733772","907515","3.936448","0.939359","-0.190456","791750","922750","765557","2.123726","0.364059","0.000000","889241","927134","817233","1.599985","0.189370","0.000000","871873","942363","863144","1.158624","0.023591","0.000000","738829","860402","954582","1.076461","0.216828","0.000000","2488","1676","1422","2075","492","2075","1941","406","1941","1788","-386","1788","1909","1420","1909",""
